변환,원자료
"2020/01/02","1.300"
"2020/01/03","1.270"
"2020/01/06","1.290"
"2020/01/07","1.270"
"2020/01/08","1.250"
"2020/01/09","1.280"
"2020/01/10","1.280"
"2020/01/13","1.290"
"2020/01/14","1.270"
"2020/01/15","1.270"
"2020/01/16","1.270"
"2020/01/17","1.280"
"2020/01/20","1.280"
"2020/01/21","1.290"
"2020/01/22","1.280"
"2020/01/23","1.280"
"2020/01/28","1.260"
"2020/01/29","1.250"
"2020/01/30","1.240"
"2020/01/31","1.250"
"2020/02/03","1.220"
"2020/02/04","1.220"
"2020/02/05","1.230"
"2020/02/06","1.230"
"2020/02/07","1.220"
"2020/02/10","1.240"
"2020/02/11","1.260"
"2020/02/12","1.260"
"2020/02/13","1.260"
"2020/02/14","1.240"
"2020/02/17","1.240"
"2020/02/18","1.230"
"2020/02/19","1.240"
"2020/02/20","1.230"
"2020/02/21","1.230"
"2020/02/24","1.240"
"2020/02/25","1.250"
"2020/02/26","1.250"
"2020/02/27","1.230"
"2020/02/28","1.260"
"2020/03/02","1.260"
"2020/03/03","1.260"
"2020/03/04","1.250"
"2020/03/05","1.250"
"2020/03/06","1.240"
"2020/03/09","1.260"
"2020/03/10","1.250"
"2020/03/11","1.240"
"2020/03/12","1.250"
"2020/03/13","1.250"
"2020/03/16","1.270"
"2020/03/17","0.760"
"2020/03/18","0.730"
"2020/03/19","0.720"
"2020/03/20","0.730"
"2020/03/23","0.730"
"2020/03/24","0.720"
"2020/03/25","0.730"
"2020/03/26","0.730"
"2020/03/27","0.750"
"2020/03/30","0.760"
"2020/03/31","0.800"
"2020/04/01","0.760"
"2020/04/02","0.740"
"2020/04/03","0.730"
"2020/04/06","0.750"
"2020/04/07","0.740"
"2020/04/08","0.730"
"2020/04/09","0.730"
"2020/04/10","0.730"
"2020/04/13","0.750"
"2020/04/14","0.740"
"2020/04/16","0.730"
"2020/04/17","0.740"
"2020/04/20","0.750"
"2020/04/21","0.750"
"2020/04/22","0.740"
"2020/04/23","0.740"
"2020/04/24","0.740"
"2020/04/27","0.730"
"2020/04/28","0.730"
"2020/04/29","0.760"
"2020/05/04","0.710"
"2020/05/06","0.720"
"2020/05/07","0.710"
"2020/05/08","0.720"
"2020/05/11","0.730"
"2020/05/12","0.730"
"2020/05/13","0.720"
"2020/05/14","0.720"
"2020/05/15","0.710"
"2020/05/18","0.710"
"2020/05/19","0.730"
"2020/05/20","0.720"
"2020/05/21","0.730"
"2020/05/22","0.720"
"2020/05/25","0.720"
"2020/05/26","0.720"
"2020/05/27","0.740"
"2020/05/28","0.490"
"2020/05/29","0.490"
"2020/06/01","0.490"
"2020/06/02","0.470"
"2020/06/03","0.470"
"2020/06/04","0.460"
"2020/06/05","0.470"
"2020/06/08","0.460"
"2020/06/09","0.500"
"2020/06/10","0.490"
"2020/06/11","0.490"
"2020/06/12","0.460"
"2020/06/15","0.460"
"2020/06/16","0.460"
"2020/06/17","0.470"
"2020/06/18","0.460"
"2020/06/19","0.460"
"2020/06/22","0.470"
"2020/06/23","0.470"
"2020/06/24","0.480"
"2020/06/25","0.470"
"2020/06/26","0.500"
"2020/06/29","0.490"
"2020/06/30","0.570"
"2020/07/01","0.480"
"2020/07/02","0.470"
"2020/07/03","0.500"
"2020/07/06","0.490"
"2020/07/07","0.450"
"2020/07/08","0.480"
"2020/07/09","0.480"
"2020/07/10","0.490"
"2020/07/13","0.500"
"2020/07/14","0.480"
"2020/07/15","0.470"
"2020/07/16","0.490"
"2020/07/17","0.460"
"2020/07/20","0.440"
"2020/07/21","0.460"
"2020/07/22","0.450"
"2020/07/23","0.460"
"2020/07/24","0.480"
"2020/07/27","0.490"
"2020/07/28","0.470"
"2020/07/29","0.480"
"2020/07/30","0.490"
"2020/07/31","0.510"
"2020/08/03","0.510"
"2020/08/04","0.500"
"2020/08/05","0.480"
"2020/08/06","0.490"
"2020/08/07","0.500"
"2020/08/10","0.470"
"2020/08/11","0.470"
"2020/08/12","0.490"
"2020/08/13","0.490"
"2020/08/14","0.520"
"2020/08/18","0.520"
"2020/08/19","0.510"
"2020/08/20","0.500"
"2020/08/21","0.530"
"2020/08/24","0.530"
"2020/08/25","0.520"
"2020/08/26","0.530"
"2020/08/27","0.500"
"2020/08/28","0.490"
"2020/08/31","0.550"
"2020/09/01","0.520"
"2020/09/02","0.490"
"2020/09/03","0.480"
"2020/09/04","0.480"
"2020/09/07","0.490"
"2020/09/08","0.430"
"2020/09/09","0.480"
"2020/09/10","0.470"
"2020/09/11","0.490"
"2020/09/14","0.470"
"2020/09/15","0.460"
"2020/09/16","0.460"
"2020/09/17","0.460"
"2020/09/18","0.470"
"2020/09/21","0.460"
"2020/09/22","0.490"
"2020/09/23","0.470"
"2020/09/24","0.490"
"2020/09/25","0.480"
"2020/09/28","0.480"
"2020/09/29","0.550"
"2020/10/05","0.470"
"2020/10/06","0.460"
"2020/10/07","0.480"
"2020/10/08","0.530"
"2020/10/12","0.540"
"2020/10/13","0.540"
"2020/10/14","0.500"
"2020/10/15","0.470"
"2020/10/16","0.470"
"2020/10/19","0.480"
"2020/10/20","0.490"
"2020/10/21","0.520"
"2020/10/22","0.530"
"2020/10/23","0.550"
"2020/10/26","0.560"
"2020/10/27","0.560"
"2020/10/28","0.490"
"2020/10/29","0.480"
"2020/10/30","0.520"
"2020/11/02","0.480"
"2020/11/03","0.470"
"2020/11/04","0.460"
"2020/11/05","0.460"
"2020/11/06","0.510"
"2020/11/09","0.500"
"2020/11/10","0.490"
"2020/11/11","0.480"
"2020/11/12","0.480"
"2020/11/13","0.480"
"2020/11/16","0.480"
"2020/11/17","0.490"
"2020/11/18","0.480"
"2020/11/19","0.490"
"2020/11/20","0.490"
"2020/11/23","0.510"
"2020/11/24","0.520"
"2020/11/25","0.510"
"2020/11/26","0.530"
"2020/11/27","0.520"
"2020/11/30","0.600"
"2020/12/01","0.510"
"2020/12/02","0.480"
"2020/12/03","0.480"
"2020/12/04","0.480"
"2020/12/07","0.460"
"2020/12/08","0.450"
"2020/12/09","0.480"
"2020/12/10","0.490"
"2020/12/11","0.500"
"2020/12/14","0.500"
"2020/12/15","0.490"
"2020/12/16","0.490"
"2020/12/17","0.480"
"2020/12/18","0.480"
"2020/12/21","0.510"
"2020/12/22","0.520"
"2020/12/23","0.560"
"2020/12/24","0.550"
"2020/12/28","0.550"
"2020/12/29","0.540"
"2020/12/30","0.570"
"2020/12/31","0.610"
"2021/01/04","0.530"
"2021/01/05","0.480"
"2021/01/06","0.480"
"2021/01/07","0.490"
"2021/01/08","0.480"
"2021/01/11","0.510"
"2021/01/12","0.480"
"2021/01/13","0.490"
"2021/01/14","0.490"
"2021/01/15","0.500"
"2021/01/18","0.510"
"2021/01/19","0.480"
"2021/01/20","0.480"
"2021/01/21","0.480"
"2021/01/22","0.490"
"2021/01/25","0.480"
"2021/01/26","0.510"
"2021/01/27","0.450"
"2021/01/28","0.460"
"2021/01/29","0.520"
"2021/02/01","0.490"
"2021/02/02","0.470"
"2021/02/03","0.450"
"2021/02/04","0.470"
"2021/02/05","0.460"
"2021/02/08","0.480"
"2021/02/09","0.490"
"2021/02/10","0.490"
"2021/02/15","0.490"
"2021/02/16","0.500"
"2021/02/17","0.470"
"2021/02/18","0.490"
"2021/02/19","0.510"
"2021/02/22","0.500"
"2021/02/23","0.490"
"2021/02/24","0.500"
"2021/02/25","0.520"
"2021/02/26","0.590"
"2021/03/02","0.470"
"2021/03/03","0.470"
"2021/03/04","0.450"
"2021/03/05","0.470"
"2021/03/08","0.480"
"2021/03/09","0.520"
"2021/03/10","0.490"
"2021/03/11","0.500"
"2021/03/12","0.530"
"2021/03/15","0.510"
"2021/03/16","0.470"
"2021/03/17","0.460"
"2021/03/18","0.480"
"2021/03/19","0.470"
"2021/03/22","0.470"
"2021/03/23","0.490"
"2021/03/24","0.470"
"2021/03/25","0.510"
"2021/03/26","0.480"
"2021/03/29","0.470"
"2021/03/30","0.490"
"2021/03/31","0.590"
"2021/04/01","0.450"
"2021/04/02","0.440"
"2021/04/05","0.450"
"2021/04/06","0.460"
"2021/04/07","0.480"
"2021/04/08","0.460"
"2021/04/09","0.490"
"2021/04/12","0.530"
"2021/04/13","0.520"
"2021/04/14","0.480"
"2021/04/15","0.480"
"2021/04/16","0.480"
"2021/04/19","0.490"
"2021/04/20","0.470"
"2021/04/21","0.480"
"2021/04/22","0.490"
"2021/04/23","0.500"
"2021/04/26","0.470"
"2021/04/27","0.470"
"2021/04/28","0.480"
"2021/04/29","0.480"
"2021/04/30","0.490"
"2021/05/03","0.420"
"2021/05/04","0.490"
"2021/05/06","0.470"
"2021/05/07","0.470"
"2021/05/10","0.470"
"2021/05/11","0.470"
"2021/05/12","0.470"
"2021/05/13","0.460"
"2021/05/14","0.490"
"2021/05/17","0.480"
"2021/05/18","0.480"
"2021/05/20","0.490"
"2021/05/21","0.500"
"2021/05/24","0.480"
"2021/05/25","0.470"
"2021/05/26","0.490"
"2021/05/27","0.430"
"2021/05/28","0.480"
"2021/05/31","0.510"
"2021/06/01","0.490"
"2021/06/02","0.470"
"2021/06/03","0.460"
"2021/06/04","0.480"
"2021/06/07","0.460"
"2021/06/08","0.450"
"2021/06/09","0.480"
"2021/06/10","0.490"
"2021/06/11","0.500"
"2021/06/14","0.470"
"2021/06/15","0.470"
"2021/06/16","0.470"
"2021/06/17","0.480"
"2021/06/18","0.510"
"2021/06/21","0.560"
"2021/06/22","0.560"
"2021/06/23","0.530"
"2021/06/24","0.530"
"2021/06/25","0.570"
"2021/06/28","0.590"
"2021/06/29","0.580"
"2021/06/30","0.630"
"2021/07/01","0.530"
"2021/07/02","0.510"
"2021/07/05","0.470"
"2021/07/06","0.400"
"2021/07/07","0.480"
"2021/07/08","0.510"
"2021/07/09","0.520"
"2021/07/12","0.520"
"2021/07/13","0.580"
"2021/07/14","0.590"
"2021/07/15","0.590"
"2021/07/16","0.560"
"2021/07/19","0.540"
"2021/07/20","0.510"
"2021/07/21","0.500"
"2021/07/22","0.520"
"2021/07/23","0.550"
"2021/07/26","0.570"
"2021/07/27","0.570"
"2021/07/28","0.510"
"2021/07/29","0.510"
"2021/07/30","0.580"
"2021/08/02","0.440"
"2021/08/03","0.490"
"2021/08/04","0.510"
"2021/08/05","0.500"
"2021/08/06","0.480"
"2021/08/09","0.500"
"2021/08/10","0.510"
"2021/08/11","0.490"
"2021/08/12","0.560"
"2021/08/13","0.540"
"2021/08/17","0.510"
"2021/08/18","0.500"
"2021/08/19","0.510"
"2021/08/20","0.500"
"2021/08/23","0.510"
"2021/08/24","0.550"
"2021/08/25","0.570"
"2021/08/26","0.840"
"2021/08/27","0.860"
"2021/08/30","0.860"
"2021/08/31","0.900"
"2021/09/01","0.830"
"2021/09/02","0.760"
"2021/09/03","0.750"
"2021/09/06","0.750"
"2021/09/07","0.750"
"2021/09/08","0.740"
"2021/09/09","0.760"
"2021/09/10","0.880"
"2021/09/13","0.860"
"2021/09/14","0.780"
"2021/09/15","0.760"
"2021/09/16","0.750"
"2021/09/17","0.770"
"2021/09/23","0.750"
"2021/09/24","0.750"
"2021/09/27","0.720"
"2021/09/28","0.760"
"2021/09/29","0.730"
"2021/09/30","0.920"
"2021/10/01","0.710"
"2021/10/05","0.690"
"2021/10/06","0.730"
"2021/10/07","0.670"
"2021/10/08","0.690"
"2021/10/12","0.800"
"2021/10/13","0.800"
"2021/10/14","0.750"
"2021/10/15","0.740"
"2021/10/18","0.720"
"2021/10/19","0.730"
"2021/10/20","0.730"
"2021/10/21","0.760"
"2021/10/22","0.750"
"2021/10/25","0.760"
"2021/10/26","0.770"
"2021/10/27","0.750"
"2021/10/28","0.780"
"2021/10/29","0.760"
"2021/11/01","0.740"
"2021/11/02","0.720"
"2021/11/03","0.680"
"2021/11/04","0.700"
"2021/11/05","0.760"
"2021/11/08","0.780"
"2021/11/09","0.800"
"2021/11/10","0.760"
"2021/11/11","0.840"
"2021/11/12","0.830"
"2021/11/15","0.820"
"2021/11/16","0.800"
"2021/11/17","0.770"
"2021/11/18","0.760"
"2021/11/19","0.750"
"2021/11/22","0.760"
"2021/11/23","0.740"
"2021/11/24","0.740"
"2021/11/25","1.015"
"2021/11/26","1.015"
"2021/11/29","1.019"
"2021/11/30","1.067"
"2021/12/01","0.986"
"2021/12/02","0.975"
"2021/12/03","0.955"
"2021/12/06","0.966"
"2021/12/07","1.014"
"2021/12/08","0.985"
"2021/12/09","1.078"
"2021/12/10","1.036"
"2021/12/13","1.017"
"2021/12/14","1.006"
"2021/12/15","1.001"
"2021/12/16","0.999"
"2021/12/17","0.986"
"2021/12/20","0.985"
"2021/12/21","1.001"
"2021/12/22","0.988"
"2021/12/23","0.991"
"2021/12/24","1.013"
"2021/12/27","1.027"
"2021/12/28","1.030"
"2021/12/29","1.038"
"2021/12/30","1.115"
"2021/12/31","1.437"
"2022/01/03","1.003"
"2022/01/04","1.000"
"2022/01/05","0.987"
"2022/01/06","1.000"
"2022/01/07","1.004"
"2022/01/10","1.068"
"2022/01/11","1.001"
"2022/01/12","1.017"
"2022/01/13","1.034"
"2022/01/14","1.273"
"2022/01/17","1.251"
"2022/01/18","1.277"
"2022/01/19","1.276"
"2022/01/20","1.330"
"2022/01/21","1.575"
"2022/01/24","1.352"
"2022/01/25","1.314"
"2022/01/26","1.261"
"2022/01/27","1.201"
"2022/01/28","1.277"
"2022/02/03","1.223"
"2022/02/04","1.176"
"2022/02/07","1.116"
"2022/02/08","1.217"
"2022/02/09","1.226"
"2022/02/10","1.180"
"2022/02/11","1.193"
"2022/02/14","1.254"
"2022/02/15","1.198"
"2022/02/16","1.198"
"2022/02/17","1.229"
"2022/02/18","1.239"
"2022/02/21","1.243"
"2022/02/22","1.257"
"2022/02/23","1.243"
"2022/02/24","1.258"
"2022/02/25","1.284"
"2022/02/28","1.390"
"2022/03/02","1.289"
"2022/03/03","1.249"
"2022/03/04","1.191"
"2022/03/07","1.228"
"2022/03/08","1.240"
"2022/03/10","1.314"
"2022/03/11","1.318"
"2022/03/14","1.268"
"2022/03/15","1.243"
"2022/03/16","1.245"
"2022/03/17","1.242"
"2022/03/18","1.239"
"2022/03/21","1.215"
"2022/03/22","1.213"
"2022/03/23","1.127"
"2022/03/24","1.189"
"2022/03/25","1.245"
"2022/03/28","1.204"
"2022/03/29","1.218"
"2022/03/30","1.229"
"2022/03/31","1.454"
"2022/04/01","1.238"
"2022/04/04","1.250"
"2022/04/05","1.280"
"2022/04/06","1.241"
"2022/04/07","1.178"
"2022/04/08","1.158"
"2022/04/11","1.168"
"2022/04/12","1.182"
"2022/04/13","1.141"
"2022/04/14","1.333"
"2022/04/15","1.432"
"2022/04/18","1.395"
"2022/04/19","1.399"
"2022/04/20","1.375"
"2022/04/21","1.392"
"2022/04/22","1.449"
"2022/04/25","1.418"
"2022/04/26","1.385"
"2022/04/27","1.359"
"2022/04/28","1.347"
"2022/04/29","1.530"
"2022/05/02","1.454"
"2022/05/03","1.442"
"2022/05/04","1.449"
"2022/05/06","1.415"
"2022/05/09","1.340"
"2022/05/10","1.357"
"2022/05/11","1.478"
"2022/05/12","1.424"
"2022/05/13","1.399"
"2022/05/16","1.459"
"2022/05/17","1.474"
"2022/05/18","1.490"
"2022/05/19","1.500"
"2022/05/20","1.526"
"2022/05/23","1.515"
"2022/05/24","1.491"
"2022/05/25","1.507"
"2022/05/26","1.687"
"2022/05/27","1.758"
"2022/05/30","1.732"
"2022/05/31","1.863"
"2022/06/02","1.709"
"2022/06/03","1.648"
"2022/06/07","1.476"
"2022/06/08","1.558"
"2022/06/09","1.793"
"2022/06/10","1.747"
"2022/06/13","1.739"
"2022/06/14","1.692"
"2022/06/15","1.660"
"2022/06/16","1.698"
"2022/06/17","1.733"
"2022/06/20","1.718"
"2022/06/21","1.715"
"2022/06/22","1.717"
"2022/06/23","1.754"
"2022/06/24","1.842"
"2022/06/27","1.825"
"2022/06/28","1.828"
"2022/06/29","1.808"
"2022/06/30","2.337"
"2022/07/01","1.723"
"2022/07/04","1.660"
"2022/07/05","1.682"
"2022/07/06","1.737"
"2022/07/07","1.741"
"2022/07/08","1.732"
"2022/07/11","1.820"
"2022/07/12","1.832"
"2022/07/13","2.041"
"2022/07/14","2.196"
"2022/07/15","2.177"
"2022/07/18","2.171"
"2022/07/19","2.196"
"2022/07/20","2.173"
"2022/07/21","2.206"
"2022/07/22","2.188"
"2022/07/25","2.183"
"2022/07/26","2.224"
"2022/07/27","2.114"
"2022/07/28","2.143"
"2022/07/29","2.341"
"2022/08/01","2.238"
"2022/08/02","2.190"
"2022/08/03","2.162"
"2022/08/04","2.221"
"2022/08/05","2.242"
"2022/08/08","2.226"
"2022/08/09","2.243"
"2022/08/10","2.217"
"2022/08/11","2.215"
"2022/08/12","2.246"
"2022/08/16","2.176"
"2022/08/17","2.175"
"2022/08/18","2.206"
"2022/08/19","2.241"
"2022/08/22","2.217"
"2022/08/23","2.214"
"2022/08/24","2.258"
"2022/08/25","2.449"
"2022/08/26","2.426"
"2022/08/29","2.421"
"2022/08/30","2.428"
"2022/08/31","2.548"
"2022/09/01","2.502"
"2022/09/02","2.514"
"2022/09/05","2.436"
"2022/09/06","2.405"
"2022/09/07","2.490"
"2022/09/08","2.610"
"2022/09/13","2.520"
"2022/09/14","2.517"
"2022/09/15","2.506"
"2022/09/16","2.514"
"2022/09/19","2.501"
"2022/09/20","2.526"
"2022/09/21","2.558"
"2022/09/22","2.530"
"2022/09/23","2.547"
"2022/09/26","2.537"
"2022/09/27","2.526"
"2022/09/28","2.531"
"2022/09/29","2.546"
"2022/09/30","2.804"
"2022/10/04","2.543"
"2022/10/05","2.510"
"2022/10/06","2.552"
"2022/10/07","2.680"
"2022/10/11","2.784"
"2022/10/12","3.114"
"2022/10/13","3.127"
"2022/10/14","3.071"
"2022/10/17","3.050"
"2022/10/18","3.081"
"2022/10/19","3.079"
"2022/10/20","3.132"
"2022/10/21","3.107"
"2022/10/24","3.134"
"2022/10/25","3.148"
"2022/10/26","3.127"
"2022/10/27","3.072"
"2022/10/28","3.047"
"2022/10/31","3.190"
"2022/11/01","3.085"
"2022/11/02","3.031"
"2022/11/03","3.045"
"2022/11/04","2.992"
"2022/11/07","2.977"
"2022/11/08","2.993"
"2022/11/09","2.986"
"2022/11/10","3.090"
"2022/11/11","3.070"
"2022/11/14","3.078"
"2022/11/15","3.031"
"2022/11/16","3.038"
"2022/11/17","3.029"
"2022/11/18","3.026"
"2022/11/21","3.045"
"2022/11/22","3.070"
"2022/11/23","3.082"
"2022/11/24","3.274"
"2022/11/25","3.280"
"2022/11/28","3.306"
"2022/11/29","3.257"
"2022/11/30","3.366"
"2022/12/01","3.275"
"2022/12/02","3.217"
"2022/12/05","3.224"
"2022/12/06","3.163"
"2022/12/07","3.235"
"2022/12/08","3.295"
"2022/12/09","3.291"
"2022/12/12","3.282"
"2022/12/13","3.236"
"2022/12/14","3.229"
"2022/12/15","3.230"
"2022/12/16","3.236"
"2022/12/19","3.194"
"2022/12/20","3.161"
"2022/12/21","3.212"
"2022/12/22","3.208"
"2022/12/23","3.244"
"2022/12/26","3.269"
"2022/12/27","3.252"
"2022/12/28","3.187"
"2022/12/29","3.212"
"2022/12/30","3.380"
"2023/01/02","3.291"
"2023/01/03","3.119"
"2023/01/04","3.032"
"2023/01/05","3.075"
"2023/01/06","3.118"
"2023/01/09","3.132"
"2023/01/10","3.166"
"2023/01/11","3.232"
"2023/01/12","3.299"
"2023/01/13","3.427"
"2023/01/16","3.394"
"2023/01/17","3.369"
"2023/01/18","3.365"
"2023/01/19","3.387"
"2023/01/20","3.480"
"2023/01/25","3.435"
"2023/01/26","3.463"
"2023/01/27","3.357"
"2023/01/30","3.371"
"2023/01/31","3.343"
"2023/02/01","3.370"
"2023/02/02","3.270"
"2023/02/03","3.488"
"2023/02/06","3.487"
"2023/02/07","3.506"
"2023/02/08","3.483"
"2023/02/09","3.434"
"2023/02/10","3.399"
"2023/02/13","3.402"
"2023/02/14","3.403"
"2023/02/15","3.428"
"2023/02/16","3.397"
"2023/02/17","3.436"
"2023/02/20","3.415"
"2023/02/21","3.395"
"2023/02/22","3.423"
"2023/02/23","3.456"
"2023/02/24","3.432"
"2023/02/27","3.428"
"2023/02/28","3.460"
"2023/03/02","3.407"
"2023/03/03","3.366"
"2023/03/06","3.337"
"2023/03/07","3.428"
"2023/03/08","3.458"
"2023/03/09","3.440"
"2023/03/10","3.429"
"2023/03/13","3.435"
"2023/03/14","3.416"
"2023/03/15","3.370"
"2023/03/16","3.439"
"2023/03/17","3.426"
"2023/03/20","3.479"
"2023/03/21","3.464"
"2023/03/22","3.433"
"2023/03/23","3.450"
"2023/03/24","3.419"
"2023/03/27","3.398"
"2023/03/28","3.440"
"2023/03/29","3.427"
"2023/03/30","3.493"
"2023/03/31","3.569"
"2023/04/03","3.449"
"2023/04/04","3.441"
"2023/04/05","3.463"
"2023/04/06","3.400"
"2023/04/07","3.403"
"2023/04/10","3.419"
"2023/04/11","3.452"
"2023/04/12","3.430"
"2023/04/13","3.438"
"2023/04/14","3.491"
"2023/04/17","3.478"
"2023/04/18","3.469"
"2023/04/19","3.428"
"2023/04/20","3.487"
"2023/04/21","3.512"
"2023/04/24","3.503"
"2023/04/25","3.512"
"2023/04/26","3.499"
"2023/04/27","3.487"
"2023/04/28","3.549"
"2023/05/02","3.512"
"2023/05/03","3.541"
"2023/05/04","3.529"
"2023/05/08","3.591"
"2023/05/09","3.656"
"2023/05/10","3.567"
"2023/05/11","3.559"
"2023/05/12","3.548"
"2023/05/15","3.580"
"2023/05/16","3.598"
"2023/05/17","3.600"
"2023/05/18","3.627"
"2023/05/19","3.603"
"2023/05/22","3.589"
"2023/05/23","3.559"
"2023/05/24","3.551"
"2023/05/25","3.603"
"2023/05/26","3.557"
"2023/05/30","3.537"
"2023/05/31","3.543"
"2023/06/01","3.550"
"2023/06/02","3.504"
"2023/06/05","3.487"
"2023/06/07","3.491"
"2023/06/08","3.561"
"2023/06/09","3.569"
"2023/06/12","3.560"
"2023/06/13","3.539"
"2023/06/14","3.532"
"2023/06/15","3.580"
"2023/06/16","3.592"
"2023/06/19","3.605"
"2023/06/20","3.591"
"2023/06/21","3.605"
"2023/06/22","3.578"
"2023/06/23","3.617"
"2023/06/26","3.559"
"2023/06/27","3.520"
"2023/06/28","3.531"
"2023/06/29","3.534"
"2023/06/30","3.767"
"2023/07/03","3.496"
"2023/07/04","3.454"
"2023/07/05","3.488"
"2023/07/06","3.542"
"2023/07/07","3.588"
"2023/07/10","3.582"
"2023/07/11","3.556"
"2023/07/12","3.527"
"2023/07/13","3.514"
"2023/07/14","3.507"
"2023/07/17","3.506"
"2023/07/18","3.510"
"2023/07/19","3.502"
"2023/07/20","3.528"
"2023/07/21","3.481"
"2023/07/24","3.498"
"2023/07/25","3.490"
"2023/07/26","3.483"
"2023/07/27","3.446"
"2023/07/28","3.461"
"2023/07/31","3.488"
"2023/08/01","3.455"
"2023/08/02","3.436"
"2023/08/03","3.450"
"2023/08/04","3.503"
"2023/08/07","3.535"
"2023/08/08","3.485"
"2023/08/09","3.487"
"2023/08/10","3.592"
"2023/08/11","3.576"
"2023/08/14","3.580"
"2023/08/16","3.569"
"2023/08/17","3.557"
"2023/08/18","3.547"
"2023/08/21","3.545"
"2023/08/22","3.540"
"2023/08/23","3.560"
"2023/08/24","3.572"
"2023/08/25","3.565"
"2023/08/28","3.563"
"2023/08/29","3.564"
"2023/08/30","3.577"
"2023/08/31","3.620"
"2023/09/01","3.567"
"2023/09/04","3.545"
"2023/09/05","3.510"
"2023/09/06","3.496"
"2023/09/07","3.540"
"2023/09/08","3.593"
"2023/09/11","3.602"
"2023/09/12","3.597"
"2023/09/13","3.592"
"2023/09/14","3.587"
"2023/09/15","3.580"
"2023/09/18","3.583"
"2023/09/19","3.609"
"2023/09/20","3.619"
"2023/09/21","3.594"
"2023/09/22","3.618"
"2023/09/25","3.630"
"2023/09/26","3.620"
"2023/09/27","3.829"
"2023/10/04","3.555"
"2023/10/05","3.527"
"2023/10/06","3.502"
"2023/10/10","3.471"
"2023/10/11","3.473"
"2023/10/12","3.512"
"2023/10/13","3.542"
"2023/10/16","3.518"
"2023/10/17","3.493"
"2023/10/18","3.492"
"2023/10/19","3.505"
"2023/10/20","3.523"
"2023/10/23","3.538"
"2023/10/24","3.531"
"2023/10/25","3.561"
"2023/10/26","3.556"
"2023/10/27","3.494"
"2023/10/30","3.515"
"2023/10/31","3.500"
"2023/11/01","3.516"
"2023/11/02","3.490"
"2023/11/03","3.520"
"2023/11/06","3.526"
"2023/11/07","3.463"
"2023/11/08","3.484"
"2023/11/09","3.563"
"2023/11/10","3.593"
"2023/11/13","3.575"
"2023/11/14","3.579"
"2023/11/15","3.570"
"2023/11/16","3.585"
"2023/11/17","3.601"
"2023/11/20","3.597"
"2023/11/21","3.585"
"2023/11/22","3.620"
"2023/11/23","3.598"
"2023/11/24","3.606"
"2023/11/27","3.604"
"2023/11/28","3.581"
"2023/11/29","3.595"
"2023/11/30","3.670"
"2023/12/01","3.552"
"2023/12/04","3.556"
"2023/12/05","3.549"
"2023/12/06","3.516"
"2023/12/07","3.618"
"2023/12/08","3.683"
"2023/12/11","3.712"
"2023/12/12","3.680"
"2023/12/13","3.655"
"2023/12/14","3.674"
"2023/12/15","3.649"
"2023/12/18","3.690"
"2023/12/19","3.719"
"2023/12/20","3.686"
"2023/12/21","3.629"
"2023/12/22","3.638"
"2023/12/26","3.632"
"2023/12/27","3.556"
"2023/12/28","3.600"
"2023/12/29","3.906"
"2024/01/02","3.535"
"2024/01/03","3.422"
"2024/01/04","3.391"
"2024/01/05","3.384"
"2024/01/08","3.378"
"2024/01/09","3.412"
"2024/01/10","3.503"
"2024/01/11","3.393"
"2024/01/12","3.432"
"2024/01/15","3.473"
"2024/01/16","3.492"
"2024/01/17","3.499"
"2024/01/18","3.507"
"2024/01/19","3.525"
"2024/01/22","3.523"
"2024/01/23","3.474"
"2024/01/24","3.449"
"2024/01/25","3.460"
"2024/01/26","3.504"
"2024/01/29","3.484"
"2024/01/30","3.545"
"2024/01/31","3.613"
"2024/02/01","3.573"
"2024/02/02","3.541"
"2024/02/05","3.573"
"2024/02/06","3.572"
"2024/02/07","3.518"
"2024/02/08","3.601"
"2024/02/13","3.620"
"2024/02/14","3.644"
"2024/02/15","3.682"
"2024/02/16","3.661"
"2024/02/19","3.634"
"2024/02/20","3.590"
"2024/02/21","3.625"
"2024/02/22","3.659"
"2024/02/23","3.677"
"2024/02/26","3.568"
"2024/02/27","3.465"
"2024/02/28","3.401"
"2024/02/29","3.463"
"2024/03/04","3.366"
"2024/03/05","3.237"
"2024/03/06","3.477"
"2024/03/07","3.375"
"2024/03/08","3.546"
"2024/03/11","3.400"
"2024/03/12","3.421"
"2024/03/13","3.471"
"2024/03/14","3.486"
"2024/03/15","3.464"
"2024/03/18","3.441"
"2024/03/19","3.513"
"2024/03/20","3.533"
"2024/03/21","3.529"
"2024/03/22","3.476"
"2024/03/25","3.482"
"2024/03/26","3.472"
"2024/03/27","3.440"
"2024/03/28","3.502"
"2024/03/29","3.574"
"2024/04/01","3.501"
"2024/04/02","3.479"
"2024/04/03","3.445"
"2024/04/04","3.499"
"2024/04/05","3.526"
"2024/04/08","3.544"
"2024/04/09","3.461"
"2024/04/11","3.503"
"2024/04/12","3.500"
"2024/04/15","3.494"
"2024/04/16","3.420"
"2024/04/17","3.485"
"2024/04/18","3.519"
"2024/04/19","3.514"
"2024/04/22","3.533"
"2024/04/23","3.532"
"2024/04/24","3.519"
"2024/04/25","3.562"
"2024/04/26","3.581"
"2024/04/29","3.573"
"2024/04/30","3.655"
"2024/05/02","3.489"
"2024/05/03","3.475"
"2024/05/07","3.500"
"2024/05/08","3.485"
"2024/05/09","3.500"
"2024/05/10","3.546"
"2024/05/13","3.574"
"2024/05/14","3.563"
"2024/05/16","3.542"
"2024/05/17","3.534"
"2024/05/20","3.539"
"2024/05/21","3.531"
"2024/05/22","3.531"
"2024/05/23","3.556"
"2024/05/24","3.565"
"2024/05/27","3.555"
"2024/05/28","3.520"
"2024/05/29","3.523"
"2024/05/30","3.528"
"2024/05/31","3.580"
"2024/06/03","3.539"
"2024/06/04","3.483"
"2024/06/05","3.502"
"2024/06/07","3.587"
"2024/06/10","3.599"
"2024/06/11","3.591"
"2024/06/12","3.556"
"2024/06/13","3.531"
"2024/06/14","3.503"
"2024/06/17","3.503"
"2024/06/18","3.506"
"2024/06/19","3.505"
"2024/06/20","3.519"
"2024/06/21","3.560"
"2024/06/24","3.554"
"2024/06/25","3.575"
"2024/06/26","3.552"
"2024/06/27","3.560"
"2024/06/28","3.591"
"2024/07/01","3.512"
"2024/07/02","3.483"
"2024/07/03","3.504"
"2024/07/04","3.514"
"2024/07/05","3.538"
"2024/07/08","3.498"
"2024/07/09","3.440"
"2024/07/10","3.475"
"2024/07/11","3.528"
"2024/07/12","3.528"
"2024/07/15","3.509"
"2024/07/16","3.483"
"2024/07/17","3.517"
"2024/07/18","3.523"
"2024/07/19","3.564"
"2024/07/22","3.510"
"2024/07/23","3.550"
"2024/07/24","3.526"
"2024/07/25","3.557"
"2024/07/26","3.541"
"2024/07/29","3.505"
"2024/07/30","3.513"
"2024/07/31","3.530"
"2024/08/01","3.512"
"2024/08/02","3.542"
"2024/08/05","3.545"
"2024/08/06","3.535"
"2024/08/07","3.487"
"2024/08/08","3.531"
"2024/08/09","3.531"
"2024/08/12","3.534"
"2024/08/13","3.579"
"2024/08/14","3.561"
"2024/08/16","3.554"
"2024/08/19","3.538"
"2024/08/20","3.523"
"2024/08/21","3.536"
"2024/08/22","3.538"